cds-AAC73112.1	1
cds-AAC73113.1	2
cds-AAC73114.1	0
cds-AAC73115.1	5
cds-AAC73116.1	2
cds-AAC73117.1	1
cds-AAC73118.1	0
cds-AAC73119.1	67
cds-AAC73120.1	2
cds-AAC73121.1	30
cds-AAC73122.1	2
cds-AAC73124.1	1
cds-AAC73125.1	345
cds-AAC73126.1	70
cds-AAC73127.1	60
cds-AAC73129.1	0
cds-AAC73130.1	9
cds-AAC73131.1	5
cds-AAC73132.1	0
cds-AAC73133.1	0
cds-AAC73134.1	60
cds-AAC73135.1	0
cds-AAC73136.1	7
cds-AAC73137.1	42
cds-AAC73138.1	15
cds-AAC73139.1	2
cds-AAC73140.1	18
cds-AAC73141.1	7
cds-AAC73142.1	7
cds-AAC73143.1	4
cds-AAC73144.1	14
cds-AAC73145.2	3
cds-AAC73146.2	1
cds-AAC73147.2	1
cds-AAC73148.2	5
cds-AAC73149.1	1
cds-AAC73150.1	12
cds-AAC73151.1	0
cds-AAC73152.2	0
cds-AAC73153.1	2
cds-AAC73154.1	0
cds-AAC73155.1	0
cds-AAC73156.1	1
cds-AAC73157.1	1
cds-AAC73158.1	2
cds-AAC73159.1	3
cds-AAC73160.1	10
cds-AAC73161.1	6
cds-AAC73162.1	8
cds-AAC73163.1	9
cds-AAC73164.1	11
cds-AAC73165.1	37
cds-AAC73166.1	3
cds-AAC73169.1	4
cds-AAC73170.1	14
cds-AAC73171.1	6
cds-AAC73172.1	1
cds-AAC73173.1	5
cds-AAC73174.1	1
cds-AAC73175.1	5
cds-AAC73176.1	6
cds-AAC73177.1	2
cds-AAC73178.1	0
cds-AAC73179.1	9
cds-AAC73180.1	0
cds-AAC73182.1	0
cds-AAC73183.1	2
cds-AAC73184.2	0
cds-AAC73185.1	2
cds-AAC73186.1	0
cds-AAC73187.2	2
cds-AAC73188.2	1
cds-AAC73189.1	0
cds-AAC73191.1	17
cds-AAC73192.1	38
cds-AAC73193.1	5
cds-AAC73194.1	2
cds-AAC73195.1	12
cds-AAC73196.1	10
cds-AAC73197.1	10
cds-AAC73198.1	6
cds-AAC73199.1	6
cds-AAC73200.1	7
cds-AAC73201.1	10
cds-AAC73202.1	5
cds-AAC73203.1	11
cds-AAC73204.1	1
cds-AAC73205.1	13
cds-AAC73206.1	10
cds-AAC73207.1	281
cds-AAC73208.2	17
cds-AAC73209.1	48
cds-AAC73210.1	2
cds-AAC73212.1	1
cds-AAC73213.1	2
cds-AAC73214.1	2
cds-AAC73215.1	29
cds-AAC73217.1	1
cds-AAC73218.1	5
cds-AAC73219.1	0
cds-AAC73220.1	8
cds-AAC73221.1	2
cds-AAC73222.1	2
cds-AAC73223.1	4
cds-AAC73224.1	43
cds-AAC73225.1	63
cds-AAC73226.1	70
cds-AAC73227.1	94
cds-AAC73228.1	2
cds-AAC73229.1	114
cds-AAC73230.2	4
cds-AAC73231.1	11
cds-AAC73232.1	8
cds-AAC73233.2	10
cds-AAC73234.1	8
cds-AAC73235.1	6
cds-AAC73236.2	43
cds-AAC73237.1	7
cds-AAC73238.1	5
cds-AAC73239.1	5
cds-AAC73240.1	6
cds-AAC73241.1	5
cds-AAC73242.1	11
cds-AAC73243.1	3
cds-AAC73244.1	12
cds-AAC73245.1	1
cds-AAC73246.1	0
cds-AAC73247.1	0
cds-AAC73248.1	0
cds-AAC73249.2	0
cds-AAC73250.1	2
cds-AAC73251.1	0
cds-AAC73252.1	0
cds-AAC73253.1	2
cds-AAC73254.2	25
cds-AAC73255.3	2
cds-AAC73256.1	11
cds-AAC73257.1	3
cds-AAC73258.2	0
cds-AAC73259.2	11
cds-AAC73260.1	7
cds-AAC73261.1	17
cds-AAC73262.1	2
cds-AAC73263.1	1
cds-AAC73264.1	13
cds-AAC73265.1	22
cds-AAC73266.1	6
cds-AAC73267.1	5
cds-AAC73268.1	3
cds-AAC73269.1	2
cds-AAC73270.1	4
cds-AAC73271.1	11
cds-AAC73272.1	16
cds-AAC73273.2	4
cds-AAC73274.1	8
cds-AAC73275.2	0
cds-AAC73277.1	44
cds-AAC73278.1	7
cds-AAC73279.1	5
cds-AAC73280.1	512
cds-AAC73281.1	332
cds-AAC73282.1	13
cds-AAC73283.1	81
cds-AAC73284.1	5
cds-AAC73285.1	41
cds-AAC73286.2	21
cds-AAC73287.1	24
cds-AAC73288.1	34
cds-AAC73289.1	13
cds-AAC73290.1	53
cds-AAC73291.1	3
cds-AAC73292.1	12
cds-AAC73293.1	3
cds-AAC73294.1	1
cds-AAC73295.1	31
cds-AAC73296.1	28
cds-AAC73297.1	1
cds-AAC73298.2	1
cds-AAC73299.1	5
cds-AAC73300.2	2
cds-AAC73301.1	1
cds-AAC73302.1	0
cds-AAC73303.1	2
cds-AAC73304.2	3
cds-AAC73305.1	28
cds-AAC73306.1	3
cds-AAC73307.1	4
cds-AAC73308.1	4
cds-AAC73309.1	0
cds-AAC73310.1	2
cds-AAC73311.1	4
cds-AAC73312.1	2
cds-AAC73313.1	0
cds-AAC73314.1	10
cds-AAC73315.1	1
cds-AAC73316.1	36
cds-AAC73317.1	2
cds-AAC73318.2	1
cds-AAC73319.1	2
cds-AAC73320.1	3
cds-AAC73321.1	3
cds-AAC73323.1	3
cds-AAC73324.1	1
cds-AAC73325.2	3
cds-AAC73326.1	3
cds-AAC73327.1	5
cds-AAC73328.1	21
cds-AAC73329.1	0
cds-AAC73330.1	0
cds-AAC73331.1	1
cds-AAC73332.1	1
cds-AAC73335.1	4
cds-AAC73336.1	0
cds-AAC73337.1	0
cds-AAC73338.1	0
cds-AAC73341.1	51
cds-AAC73342.1	20
cds-AAC73343.1	4
cds-AAC73344.1	18
cds-AAC73345.1	2
cds-AAC73346.1	6
cds-AAC73347.1	11
cds-AAC73348.1	0
cds-AAC73349.1	0
cds-AAC73350.1	0
cds-AAC73351.1	3
cds-AAC73352.1	1
cds-AAC73353.1	5
cds-AAC73354.2	1
cds-AAC73355.2	0
cds-AAC73356.2	5
cds-AAC73357.1	2
cds-AAC73359.1	0
cds-AAC73362.1	0
cds-AAC73363.2	0
cds-AAC73364.1	1
cds-AAC73365.2	0
cds-AAC73367.1	0
cds-AAC73368.1	1
cds-AAC73370.1	1
cds-AAC73371.2	1
cds-AAC73372.1	4
cds-AAC73373.1	0
cds-AAC73374.1	2
cds-AAC73375.1	3
cds-AAC73376.1	1
cds-AAC73377.1	0
cds-AAC73378.1	0
cds-AAC73380.1	2
cds-AAC73381.1	0
cds-AAC73382.1	0
cds-AAC73383.1	0
cds-AAC73384.1	3
cds-AAC73386.1	1
cds-AAC73387.1	0
cds-AAC73388.1	1
cds-AAC73389.1	1
cds-AAC73390.1	1
cds-AAC73391.1	1
cds-AAC73392.2	3
cds-AAC73393.1	1
cds-AAC73394.1	5
cds-AAC73395.1	0
cds-AAC73396.1	2
cds-AAC73397.1	0
cds-AAC73398.1	1
cds-AAC73399.1	0
cds-AAC73401.2	0
cds-AAC73402.1	0
cds-AAC73404.2	0
cds-AAC73406.2	0
cds-AAC73407.2	2
cds-AAC73408.1	0
cds-AAC73409.1	2
cds-AAC73410.1	0
cds-AAC73411.2	4
cds-AAC73413.1	1
cds-AAC73414.1	2
cds-AAC73415.1	4
cds-AAC73416.1	5
cds-AAC73417.1	11
cds-AAC73418.1	1
cds-AAC73419.1	2
cds-AAC73420.1	0
cds-AAC73421.1	0
cds-AAC73422.1	1
cds-AAC73423.1	0
cds-AAC73424.1	0
cds-AAC73426.1	3
cds-AAC73427.1	6
cds-AAC73428.1	5
cds-AAC73429.1	0
cds-AAC73430.2	11
cds-AAC73431.1	0
cds-AAC73432.1	0
cds-AAC73433.1	2
cds-AAC73434.1	2
cds-AAC73436.1	0
cds-AAC73437.1	1
cds-AAC73438.1	3
cds-AAC73439.1	2
cds-AAC73440.1	12
cds-AAC73441.3	4
cds-AAC73442.1	1
cds-AAC73443.1	0
cds-AAC73444.1	1
cds-AAC73445.1	0
cds-AAC73446.1	2
cds-AAC73447.1	1
cds-AAC73448.1	4
cds-AAC73449.2	1
cds-AAC73450.1	1
cds-AAC73451.1	0
cds-AAC73452.3	0
cds-AAC73453.2	1
cds-AAC73454.1	0
cds-AAC73455.1	0
cds-AAC73456.2	1
cds-AAC73457.2	3
cds-AAC73458.1	25
cds-AAC73459.1	15
cds-AAC73460.2	1
cds-AAC73461.1	2
cds-AAC73463.2	0
cds-AAC73464.1	0
cds-AAC73466.1	0
cds-AAC73467.2	1
cds-AAC73468.2	3
cds-AAC73469.1	0
cds-AAC73470.1	0
cds-AAC73471.1	0
cds-AAC73472.2	8
cds-AAC73475.1	0
cds-AAC73476.2	0
cds-AAC73478.2	0
cds-AAC73479.1	3
cds-AAC73480.1	1
cds-AAC73481.1	2
cds-AAC73482.1	2
cds-AAC73483.2	4
cds-AAC73484.1	6
cds-AAC73485.1	2
cds-AAC73486.2	2
cds-AAC73487.2	1
cds-AAC73488.1	1
cds-AAC73489.1	1
cds-AAC73490.2	1
cds-AAC73491.1	7
cds-AAC73492.1	2
cds-AAC73493.1	2
cds-AAC73494.1	5
cds-AAC73496.1	2
cds-AAC73497.2	0
cds-AAC73499.1	1
cds-AAC73500.1	8
cds-AAC73501.1	7
cds-AAC73502.1	1
cds-AAC73503.1	4
cds-AAC73504.1	28
cds-AAC73505.1	9
cds-AAC73506.2	2
cds-AAC73507.1	1
cds-AAC73508.1	9
cds-AAC73509.1	11
cds-AAC73510.1	0
cds-AAC73511.1	20
cds-AAC73512.1	19
cds-AAC73513.1	1
cds-AAC73514.1	27
cds-AAC73515.2	1
cds-AAC73516.1	4
cds-AAC73517.1	2
cds-AAC73518.1	22
cds-AAC73519.1	26
cds-AAC73520.1	8
cds-AAC73521.1	0
cds-AAC73522.2	9
cds-AAC73523.1	26
cds-AAC73524.1	8
cds-AAC73525.1	5
cds-AAC73526.1	14
cds-AAC73527.2	7
cds-AAC73528.1	0
cds-AAC73529.2	2
cds-AAC73530.2	2
cds-AAC73531.1	18
cds-AAC73532.1	0
cds-AAC73533.1	4
cds-AAC73534.1	15
cds-AAC73535.1	13
cds-AAC73536.1	13
cds-AAC73537.2	7
cds-AAC73538.2	15
cds-AAC73539.1	122
cds-AAC73540.1	13
cds-AAC73541.1	63
cds-AAC73542.1	85
cds-AAC73543.1	214
cds-AAC73544.1	46
cds-AAC73545.1	0
cds-AAC73546.1	1
cds-AAC73547.1	8
cds-AAC73548.1	5
cds-AAC73549.2	1
cds-AAC73550.2	1
cds-AAC73551.1	5
cds-AAC73552.1	6
cds-AAC73553.1	1
cds-AAC73554.1	4
cds-AAC73555.1	3
cds-AAC73556.1	1
cds-AAC73557.1	0
cds-AAC73558.1	7
cds-AAC73559.2	2
cds-AAC73560.2	32
cds-AAC73561.1	4
cds-AAC73562.1	2
cds-AAC73563.1	9
cds-AAC73564.1	35
cds-AAC73565.1	7
cds-AAC73566.1	2
cds-AAC73567.1	13
cds-AAC73568.1	0
cds-AAC73569.1	3
cds-AAC73570.1	3
cds-AAC73571.1	28
cds-AAC73572.1	27
cds-AAC73573.1	4
cds-AAC73574.1	17
cds-AAC73575.1	62
cds-AAC73576.1	30
cds-AAC73577.1	1
cds-AAC73578.1	0
cds-AAC73579.1	8
cds-AAC73580.1	19
cds-AAC73581.1	2
cds-AAC73582.1	0
cds-AAC73583.1	1
cds-AAC73584.1	11
cds-AAC73585.2	8
cds-AAC73586.1	2
cds-AAC73587.1	0
cds-AAC73588.1	1
cds-AAC73589.1	3
cds-AAC73590.2	1
cds-AAC73591.1	1
cds-AAC73592.1	0
cds-AAC73593.2	0
cds-AAC73594.2	11
cds-AAC73595.1	1
cds-AAC73596.1	15
cds-AAC73597.1	0
cds-AAC73598.1	7
cds-AAC73599.1	10
cds-AAC73600.1	0
cds-AAC73605.1	0
cds-AAC73606.1	2
cds-AAC73607.1	1
cds-AAC73608.1	5
cds-AAC73609.1	0
cds-AAC73610.1	0
cds-AAC73611.1	0
cds-AAC73613.2	0
cds-AAC73614.1	0
cds-AAC73615.2	3
cds-AAC73616.1	2
cds-AAC73617.1	1
cds-AAC73618.1	0
cds-AAC73619.1	1
cds-AAC73620.1	0
cds-AAC73622.1	0
cds-AAC73623.1	0
cds-AAC73624.1	5
cds-AAC73625.1	1
cds-AAC73626.1	8
cds-AAC73627.1	6
cds-AAC73628.1	4
cds-AAC73629.1	2
cds-AAC73630.2	1
cds-AAC73631.1	5
cds-AAC73632.2	2
cds-AAC73633.1	0
cds-AAC73634.1	3
cds-AAC73635.2	1
cds-AAC73636.1	0
cds-AAC73637.1	1
cds-AAC73638.1	20
cds-AAC73641.2	0
cds-AAC73642.1	0
cds-AAC73644.1	2
cds-AAC73645.1	1
cds-AAC73646.1	1
cds-AAC73647.1	1
cds-AAC73648.1	0
cds-AAC73649.1	0
cds-AAC73650.1	0
cds-AAC73651.1	0
cds-AAC73652.1	1
cds-AAC73653.1	0
cds-AAC73655.1	0
cds-AAC73656.1	0
cds-AAC73657.1	0
cds-AAC73658.1	0
cds-AAC73659.2	0
cds-AAC73660.1	1
cds-AAC73661.1	0
cds-AAC73665.1	2
cds-AAC73666.1	9
cds-AAC73667.1	1
cds-AAC73668.1	0
cds-AAC73669.1	7
cds-AAC73670.1	3
cds-AAC73671.1	2
cds-AAC73672.1	7
cds-AAC73673.1	0
cds-AAC73674.1	1
cds-AAC73675.1	0
cds-AAC73676.1	5
cds-AAC73677.1	6
cds-AAC73678.1	7
cds-AAC73679.1	3
cds-AAC73680.1	0
cds-AAC73681.1	0
cds-AAC73682.1	0
cds-AAC73683.1	1
cds-AAC73684.2	0
cds-AAC73685.1	1
cds-AAC73686.1	0
cds-AAC73687.1	1
cds-AAC73688.1	0
cds-AAC73689.1	1
cds-AAC73690.1	0
cds-AAC73691.1	1
cds-AAC73692.1	0
cds-AAC73693.1	1
cds-AAC73694.1	0
cds-AAC73695.1	2
cds-AAC73696.1	0
cds-AAC73697.1	1
cds-AAC73698.1	0
cds-AAC73699.1	15
cds-AAC73700.1	0
cds-AAC73701.1	0
cds-AAC73702.1	0
cds-AAC73703.1	0
cds-AAC73704.1	1
cds-AAC73705.2	3
cds-AAC73706.1	118
cds-AAC73707.2	9
cds-AAC73708.1	14
cds-AAC73709.1	1
cds-AAC73711.1	18
cds-AAC73712.1	2
cds-AAC73713.1	5
cds-AAC73714.1	0
cds-AAC73715.1	1
cds-AAC73716.1	1
cds-AAC73717.2	0
cds-AAC73718.1	1
cds-AAC73719.2	1
cds-AAC73720.1	3
cds-AAC73721.1	5
cds-AAC73722.1	4
cds-AAC73723.1	2
cds-AAC73724.1	2654
cds-AAC73725.1	1
cds-AAC73728.1	14
cds-AAC73729.1	97
cds-AAC73730.2	5
cds-AAC73731.2	7
cds-AAC73732.1	10
cds-AAC73733.1	12
cds-AAC73734.1	17
cds-AAC73735.1	7
cds-AAC73736.1	14
cds-AAC73737.1	2
cds-AAC73738.2	2
cds-AAC73739.1	1
cds-AAC73740.1	2
cds-AAC73741.1	5
cds-AAC73742.1	1
cds-AAC73743.1	16
cds-AAC73744.1	2
cds-AAC73745.2	0
cds-AAC73746.1	0
cds-AAC73747.1	2
cds-AAC73748.1	3
cds-AAC73749.1	0
cds-AAC73750.1	1
cds-AAC73751.1	2
cds-AAC73752.1	5
cds-AAC73753.1	0
cds-AAC73754.1	1
cds-AAC73755.1	1
cds-AAC73756.1	5
cds-AAC73757.1	2
cds-AAC73758.1	23
cds-AAC73759.1	1
cds-AAC73760.1	3
cds-AAC73761.2	4
cds-AAC73762.1	10
cds-AAC73763.1	9
cds-AAC73768.1	28
cds-AAC73769.1	3
cds-AAC73770.1	7
cds-AAC73771.1	7
cds-AAC73772.1	4
cds-AAC73773.1	8
cds-AAC73774.1	34
cds-AAC73775.1	3
cds-AAC73776.1	2
cds-AAC73777.1	17
cds-AAC73778.1	8
cds-AAC73779.2	6
cds-AAC73780.1	3
cds-AAC73781.1	9
cds-AAC73782.1	22
cds-AAC73783.1	1
cds-AAC73786.1	3
cds-AAC73787.1	1
cds-AAC73788.1	1
cds-AAC73789.1	4
cds-AAC73790.1	0
cds-AAC73791.1	1
cds-AAC73792.1	0
cds-AAC73793.1	2
cds-AAC73794.1	13
cds-AAC73796.1	0
cds-AAC73798.1	0
cds-AAC73800.1	0
cds-AAC73801.1	0
cds-AAC73802.1	7
cds-AAC73803.1	0
cds-AAC73804.1	1
cds-AAC73805.1	1
cds-AAC73806.1	2
cds-AAC73807.1	2
cds-AAC73808.1	0
cds-AAC73809.2	3
cds-AAC73810.2	0
cds-AAC73811.1	0
cds-AAC73812.2	2
cds-AAC73813.1	0
cds-AAC73814.1	17
cds-AAC73815.1	65
cds-AAC73816.1	0
cds-AAC73817.1	11
cds-AAC73818.1	13
cds-AAC73820.1	13
cds-AAC73821.1	5
cds-AAC73822.1	4
cds-AAC73823.1	6
cds-AAC73824.1	2
cds-AAC73825.1	0
cds-AAC73826.1	12
cds-AAC73827.2	68
cds-AAC73828.1	25
cds-AAC73829.1	11
cds-AAC73830.1	6
cds-AAC73831.1	6
cds-AAC73832.1	2
cds-AAC73833.1	6
cds-AAC73834.1	10
cds-AAC73835.1	2
cds-AAC73836.1	16
cds-AAC73837.1	3
cds-AAC73838.1	0
cds-AAC73839.1	0
cds-AAC73840.1	0
cds-AAC73841.1	12
cds-AAC73842.1	12
cds-AAC73843.1	5
cds-AAC73844.1	3
cds-AAC73845.1	2
cds-AAC73846.1	3
cds-AAC73847.1	1
cds-AAC73848.1	3
cds-AAC73849.1	3
cds-AAC73850.1	0
cds-AAC73851.1	1
cds-AAC73852.1	2
cds-AAC73853.1	3
cds-AAC73854.1	12
cds-AAC73855.2	0
cds-AAC73856.1	0
cds-AAC73857.1	4
cds-AAC73858.2	5
cds-AAC73859.1	9
cds-AAC73860.1	0
cds-AAC73861.1	2
cds-AAC73862.1	0
cds-AAC73863.1	1
cds-AAC73864.1	0
cds-AAC73865.1	0
cds-AAC73866.1	5
cds-AAC73867.1	9
cds-AAC73868.1	16
cds-AAC73869.1	1
cds-AAC73870.1	2
cds-AAC73871.1	0
cds-AAC73872.1	6
cds-AAC73873.1	1
cds-AAC73874.1	0
cds-AAC73875.1	0
cds-AAC73876.1	2
cds-AAC73877.1	2
cds-AAC73878.1	3
cds-AAC73879.1	2
cds-AAC73880.1	0
cds-AAC73881.2	2
cds-AAC73882.1	0
cds-AAC73883.2	5
cds-AAC73884.1	26
cds-AAC73885.1	3
cds-AAC73886.1	8
cds-AAC73887.1	5
cds-AAC73888.1	3
cds-AAC73889.1	2
cds-AAC73890.1	1
cds-AAC73891.2	1
cds-AAC73892.1	2
cds-AAC73893.2	0
cds-AAC73894.2	4
cds-AAC73895.2	2
cds-AAC73896.1	36
cds-AAC73897.1	6
cds-AAC73898.1	55
cds-AAC73899.1	4
cds-AAC73900.1	5
cds-AAC73901.1	295
cds-AAC73902.1	9
cds-AAC73904.1	2
cds-AAC73905.1	7
cds-AAC73906.1	10
cds-AAC73907.1	17
cds-AAC73908.1	3
cds-AAC73909.1	5
cds-AAC73910.1	10
cds-AAC73911.2	0
cds-AAC73912.2	1
cds-AAC73913.1	1
cds-AAC73914.1	5
cds-AAC73915.1	3
cds-AAC73916.2	2
cds-AAC73917.1	3
cds-AAC73918.1	2
cds-AAC73919.1	2
cds-AAC73920.1	0
cds-AAC73921.1	0
cds-AAC73922.1	2
cds-AAC73923.1	2
cds-AAC73924.1	1
cds-AAC73925.2	1
cds-AAC73926.1	2
cds-AAC73927.1	14
cds-AAC73928.1	8
cds-AAC73929.1	2
cds-AAC73930.1	2
cds-AAC73931.2	1
cds-AAC73932.1	9
cds-AAC73933.1	0
cds-AAC73934.1	5
cds-AAC73935.1	4
cds-AAC73936.1	1
cds-AAC73937.1	4
cds-AAC73938.1	2
cds-AAC73939.1	9
cds-AAC73940.1	8
cds-AAC73941.1	3
cds-AAC73942.2	1
cds-AAC73943.1	1
cds-AAC73944.1	0
cds-AAC73945.1	5
cds-AAC73946.1	5
cds-AAC73947.1	1
cds-AAC73948.1	5
cds-AAC73949.1	0
cds-AAC73950.1	1
cds-AAC73951.1	3
cds-AAC73952.1	2
cds-AAC73953.1	0
cds-AAC73954.1	1
cds-AAC73955.2	2
cds-AAC73956.2	4
cds-AAC73957.1	1
cds-AAC73958.1	1
cds-AAC73959.1	2
cds-AAC73960.2	5
cds-AAC73961.2	5
cds-AAC73962.1	1
cds-AAC73963.1	5
cds-AAC73964.1	5
cds-AAC73965.2	0
cds-AAC73966.1	6
cds-AAC73967.1	36
cds-AAC73968.1	6
cds-AAC73969.1	39
cds-AAC73970.1	85
cds-AAC73971.1	4
cds-AAC73972.1	5
cds-AAC73973.1	14
cds-AAC73974.1	8
cds-AAC73975.1	38
cds-AAC73976.1	21
cds-AAC73977.2	1
cds-AAC73978.1	2
cds-AAC73979.1	82
cds-AAC73980.2	6
cds-AAC73981.1	0
cds-AAC73982.1	15
cds-AAC73983.1	1
cds-AAC73984.1	9
cds-AAC73985.2	0
cds-AAC73986.1	2
cds-AAC73987.1	2
cds-AAC73988.1	12
cds-AAC73989.1	360
cds-AAC73990.1	33
cds-AAC73991.2	23
cds-AAC73992.1	1
cds-AAC73993.1	5
cds-AAC73994.1	3
cds-AAC73995.2	0
cds-AAC73996.1	11
cds-AAC73997.1	531
cds-AAC73998.1	90
cds-AAC73999.2	3
cds-AAC74000.1	10
cds-AAC74001.1	6
cds-AAC74002.1	1
cds-AAC74003.1	2
cds-AAC74004.1	5
cds-AAC74005.1	0
cds-AAC74006.1	1
cds-AAC74007.1	7
cds-AAC74008.1	6
cds-AAC74009.2	1
cds-AAC74010.1	53
cds-AAC74011.1	9
cds-AAC74012.1	30
cds-AAC74013.1	20
cds-AAC74014.1	31
cds-AAC74015.1	35
cds-AAC74016.1	106
cds-AAC74017.1	33
cds-AAC74018.1	29
cds-AAC74019.1	0
cds-AAC74020.2	0
cds-AAC74021.1	1
cds-AAC74022.2	0
cds-AAC74023.1	0
cds-AAC74024.2	0
cds-AAC74025.1	0
cds-AAC74026.1	0
cds-AAC74027.1	2
cds-AAC74028.1	0
cds-AAC74029.2	0
cds-AAC74030.2	7
cds-AAC74031.1	19
cds-AAC74032.2	8
cds-AAC74033.1	6
cds-AAC74034.1	12
cds-AAC74035.1	12
cds-AAC74036.1	4
cds-AAC74037.1	4
cds-AAC74038.2	0
cds-AAC74039.1	18
cds-AAC74040.1	62
cds-AAC74041.1	10
cds-AAC74042.1	3
cds-AAC74043.1	1227
cds-AAC74044.1	2
cds-AAC74045.1	3
cds-AAC74046.2	7
cds-AAC74047.1	1
cds-AAC74048.1	3
cds-AAC74049.2	5
cds-AAC74050.1	0
cds-AAC74051.2	4
cds-AAC74052.2	12
cds-AAC74053.2	4
cds-AAC74054.1	1
cds-AAC74055.2	1
cds-AAC74056.1	28
cds-AAC74057.1	0
cds-AAC74058.1	1
cds-AAC74059.1	0
cds-AAC74060.1	0
cds-AAC74061.1	1
cds-AAC74062.1	1
cds-AAC74063.1	0
cds-AAC74064.1	2
cds-AAC74065.1	0
cds-AAC74066.1	0
cds-AAC74067.2	0
cds-AAC74068.1	0
cds-AAC74069.1	4
cds-AAC74070.1	0
cds-AAC74071.1	16
cds-AAC74072.2	5
cds-AAC74073.1	37
cds-AAC74074.1	1
cds-AAC74075.1	247
cds-AAC74076.1	52
cds-AAC74077.1	1
cds-AAC74078.2	6
cds-AAC74079.1	0
cds-AAC74080.1	0
cds-AAC74081.1	0
cds-AAC74082.1	0
cds-AAC74083.1	0
cds-AAC74084.1	1
cds-AAC74085.1	3
cds-AAC74086.1	0
cds-AAC74087.1	4
cds-AAC74088.1	0
cds-AAC74089.1	1
cds-AAC74090.2	1
cds-AAC74091.2	1
cds-AAC74092.2	0
cds-AAC74093.1	0
cds-AAC74094.1	0
cds-AAC74095.1	0
cds-AAC74096.2	0
cds-AAC74097.1	0
cds-AAC74098.1	0
cds-AAC74099.1	9
cds-AAC74100.1	18
cds-AAC74103.1	1
cds-AAC74104.1	0
cds-AAC74105.1	5
cds-AAC74106.1	0
cds-AAC74107.1	0
cds-AAC74108.1	1
cds-AAC74109.1	3
cds-AAC74110.1	2
cds-AAC74111.1	2
cds-AAC74112.2	2
cds-AAC74114.1	1
cds-AAC74117.2	2
cds-AAC74118.1	0
cds-AAC74119.1	0
cds-AAC74120.2	3
cds-AAC74121.1	3
cds-AAC74122.1	0
cds-AAC74123.1	0
cds-AAC74124.1	0
cds-AAC74125.1	0
cds-AAC74126.1	1
cds-AAC74127.1	1
cds-AAC74128.1	0
cds-AAC74129.1	3
cds-AAC74130.2	0
cds-AAC74131.1	1
cds-AAC74132.1	9
cds-AAC74133.1	17
cds-AAC74134.1	0
cds-AAC74135.2	0
cds-AAC74137.1	0
cds-AAC74138.1	6
cds-AAC74139.1	4
cds-AAC74140.1	0
cds-AAC74141.1	0
cds-AAC74142.1	0
cds-AAC74143.1	1
cds-AAC74144.1	145
cds-AAC74145.1	0
cds-AAC74146.1	4
cds-AAC74147.1	0
cds-AAC74148.1	4
cds-AAC74149.2	0
cds-AAC74150.1	2
cds-AAC74151.1	0
cds-AAC74152.1	3
cds-AAC74153.1	6
cds-AAC74154.1	1
cds-AAC74155.1	1
cds-AAC74156.1	17
cds-AAC74157.1	1
cds-AAC74158.1	2
cds-AAC74159.1	4
cds-AAC74160.1	1
cds-AAC74161.1	2
cds-AAC74162.1	15
cds-AAC74163.1	5
cds-AAC74164.1	4
cds-AAC74165.1	2
cds-AAC74166.1	8
cds-AAC74167.1	2
cds-AAC74168.1	59
cds-AAC74169.2	22
cds-AAC74170.1	3
cds-AAC74171.2	1
cds-AAC74172.1	51
cds-AAC74173.1	9
cds-AAC74174.2	49
cds-AAC74175.1	13
cds-AAC74176.1	8
cds-AAC74177.1	20
cds-AAC74178.1	248
cds-AAC74179.1	83
cds-AAC74180.1	9
cds-AAC74181.1	1
cds-AAC74182.1	1
cds-AAC74183.1	3
cds-AAC74184.1	13
cds-AAC74185.1	99
cds-AAC74186.1	1
cds-AAC74187.1	1
cds-AAC74188.1	1
cds-AAC74189.1	1
cds-AAC74190.1	3
cds-AAC74191.1	4
cds-AAC74192.2	9
cds-AAC74193.1	41
cds-AAC74194.1	4
cds-AAC74195.2	1
cds-AAC74196.1	2
cds-AAC74197.1	3
cds-AAC74198.1	18
cds-AAC74199.1	0
cds-AAC74200.1	3
cds-AAC74201.2	2
cds-AAC74202.1	5
cds-AAC74203.1	1
cds-AAC74204.2	4
cds-AAC74205.1	0
cds-AAC74206.2	0
cds-AAC74207.1	18
cds-AAC74208.1	4
cds-AAC74209.1	1
cds-AAC74210.1	6
cds-AAC74211.1	15
cds-AAC74212.2	9
cds-AAC74213.1	4
cds-AAC74214.1	1
cds-AAC74215.1	12
cds-AAC74216.1	2
cds-AAC74217.2	20
cds-AAC74218.1	0
cds-AAC74219.2	2
cds-AAC74220.1	35
cds-AAC74221.1	0
cds-AAC74222.1	0
cds-AAC74223.1	1
cds-AAC74224.1	2
cds-AAC74225.1	0
cds-AAC74227.2	1
cds-AAC74228.2	0
cds-AAC74229.1	1
cds-AAC74230.2	0
cds-AAC74231.2	2
cds-AAC74232.1	0
cds-AAC74234.1	0
cds-AAC74237.1	0
cds-AAC74238.1	0
cds-AAC74239.1	0
cds-AAC74240.1	0
cds-AAC74242.1	0
cds-AAC74243.1	0
cds-AAC74244.1	0
cds-AAC74245.1	0
cds-AAC74246.1	4
cds-AAC74247.1	5
cds-AAC74248.1	0
cds-AAC74249.1	0
cds-AAC74250.1	0
cds-AAC74251.1	0
cds-AAC74252.2	0
cds-AAC74255.2	1
cds-AAC74256.5	0
cds-AAC74258.1	4
cds-AAC74259.1	4
cds-AAC74260.1	9
cds-AAC74261.1	2
cds-AAC74262.1	0
cds-AAC74263.2	0
cds-AAC74264.1	1
cds-AAC74265.3	2
cds-AAC74266.2	0
cds-AAC74267.1	0
cds-AAC74268.1	0
cds-AAC74269.1	4
cds-AAC74270.1	4
cds-AAC74271.1	3
cds-AAC74272.1	3
cds-AAC74273.1	7
cds-AAC74274.1	9
cds-AAC74275.2	4
cds-AAC74276.1	1
cds-AAC74277.2	2
cds-AAC74278.1	1
cds-AAC74279.1	0
cds-AAC74280.1	0
cds-AAC74281.1	2
cds-AAC74282.4	27
cds-AAC74283.1	6
cds-AAC74284.2	22
cds-AAC74285.2	1
cds-AAC74286.1	2
cds-AAC74287.1	9
cds-AAC74288.1	0
cds-AAC74289.1	11
cds-AAC74290.2	7
cds-AAC74291.1	65
cds-AAC74292.1	52
cds-AAC74293.1	2
cds-AAC74294.1	13
cds-AAC74295.1	1
cds-AAC74296.1	5
cds-AAC74297.1	0
cds-AAC74298.1	2
cds-AAC74299.1	6
cds-AAC74300.1	12
cds-AAC74301.1	1
cds-AAC74302.2	1
cds-AAC74303.1	6
cds-AAC74304.2	2
cds-AAC74305.1	3
cds-AAC74306.1	5
cds-AAC74307.1	21
cds-AAC74308.1	44
cds-AAC74309.1	20
cds-AAC74310.1	9
cds-AAC74311.1	98
cds-AAC74313.2	16
cds-AAC74314.1	8
cds-AAC74315.1	1
cds-AAC74316.2	3
cds-AAC74317.1	1
cds-AAC74318.1	10
cds-AAC74319.1	17
cds-AAC74320.1	3
cds-AAC74323.1	114
cds-AAC74324.1	5
cds-AAC74325.1	111
cds-AAC74326.1	11
cds-AAC74327.1	11
cds-AAC74329.1	22
cds-AAC74330.2	0
cds-AAC74331.1	8
cds-AAC74332.1	0
cds-AAC74333.2	0
cds-AAC74334.1	1
cds-AAC74335.1	2
cds-AAC74336.1	6
cds-AAC74337.1	2
cds-AAC74338.1	9
cds-AAC74339.1	0
cds-AAC74340.1	0
cds-AAC74341.2	0
cds-AAC74342.1	3
cds-AAC74343.1	1
cds-AAC74344.2	1
cds-AAC74345.1	4
cds-AAC74346.1	1
cds-AAC74347.1	0
cds-AAC74348.1	2
cds-AAC74349.2	2
cds-AAC74350.1	2
cds-AAC74351.1	28
cds-AAC74352.1	4
cds-AAC74353.1	1
cds-AAC74354.1	5
cds-AAC74355.1	26
cds-AAC74356.1	58
cds-AAC74357.1	4
cds-AAC74358.1	5
cds-AAC74359.1	6
cds-AAC74360.1	3
cds-AAC74361.1	2
cds-AAC74362.1	7
cds-AAC74363.1	2
cds-AAC74364.2	2
cds-AAC74365.1	2
cds-AAC74366.1	12
cds-AAC74367.1	4
cds-AAC74368.1	13
cds-AAC74369.2	1
cds-AAC74370.1	53
cds-AAC74371.1	0
cds-AAC74372.1	0
cds-AAC74373.1	2
cds-AAC74374.1	0
cds-AAC74375.1	3
cds-AAC74376.1	10
cds-AAC74377.1	0
cds-AAC74378.2	3
cds-AAC74379.2	3
cds-AAC74380.2	1
cds-AAC74381.1	0
cds-AAC74382.1	1
cds-AAC74383.1	0
cds-AAC74384.1	1
cds-AAC74385.2	1
cds-AAC74386.1	1
cds-AAC74387.1	0
cds-AAC74388.1	1
cds-AAC74389.1	0
cds-AAC74390.1	0
cds-AAC74391.2	0
cds-AAC74392.1	0
cds-AAC74393.1	0
cds-AAC74394.1	0
cds-AAC74395.1	0
cds-AAC74396.2	1
cds-AAC74397.1	0
cds-AAC74398.1	0
cds-AAC74399.1	1
cds-AAC74401.1	0
cds-AAC74402.1	2
cds-AAC74403.1	3
cds-AAC74404.1	1
cds-AAC74405.1	4
cds-AAC74406.1	16
cds-AAC74407.2	3
cds-AAC74408.2	0
cds-AAC74409.2	0
cds-AAC74410.1	3
cds-AAC74411.2	4
cds-AAC74412.1	3
cds-AAC74413.1	0
cds-AAC74414.1	8
cds-AAC74415.1	3
cds-AAC74416.1	29
cds-AAC74417.1	0
cds-AAC74418.2	2
cds-AAC74419.1	1
cds-AAC74420.2	1
cds-AAC74421.1	4
cds-AAC74422.1	2
cds-AAC74423.2	1
cds-AAC74424.1	0
cds-AAC74425.1	0
cds-AAC74426.1	11
cds-AAC74427.1	0
cds-AAC74428.2	0
cds-AAC74429.1	0
cds-AAC74430.1	0
cds-AAC74431.1	1
cds-AAC74432.1	0
cds-AAC74433.1	0
cds-AAC74434.2	0
cds-AAC74435.2	0
cds-AAC74436.2	0
cds-AAC74437.2	0
cds-AAC74438.1	2
cds-AAC74439.1	0
cds-AAC74440.1	1
cds-AAC74441.1	0
cds-AAC74442.1	0
cds-AAC74445.1	2
cds-AAC74447.1	0
cds-AAC74454.2	4
cds-AAC74455.1	0
cds-AAC74456.1	0
cds-AAC74457.2	5
cds-AAC74458.2	4
cds-AAC74459.1	0
cds-AAC74460.1	19
cds-AAC74461.1	0
cds-AAC74462.1	10
cds-AAC74463.1	1
cds-AAC74464.1	0
cds-AAC74465.2	0
cds-AAC74466.1	1
cds-AAC74467.2	2
cds-AAC74468.1	2
cds-AAC74469.1	1
cds-AAC74470.1	0
cds-AAC74471.1	0
cds-AAC74472.1	1
cds-AAC74473.4	1
cds-AAC74474.1	0
cds-AAC74475.1	1
cds-AAC74476.1	0
cds-AAC74477.1	0
cds-AAC74478.1	0
cds-AAC74479.1	11
cds-AAC74480.1	1
cds-AAC74481.1	2
cds-AAC74482.1	1
cds-AAC74484.1	0
cds-AAC74485.2	0
cds-AAC74486.1	4
cds-AAC74488.1	0
cds-AAC74489.2	0
cds-AAC74490.2	1
cds-AAC74491.1	0
cds-AAC74492.1	3
cds-AAC74493.1	5
cds-AAC74494.1	4
cds-AAC74495.2	9
cds-AAC74496.1	2
cds-AAC74497.1	27
cds-AAC74500.2	5
cds-AAC74501.1	0
cds-AAC74502.1	0
cds-AAC74503.1	2
cds-AAC74504.2	4
cds-AAC74505.1	3
cds-AAC74506.3	9
cds-AAC74508.2	14
cds-AAC74509.1	2
cds-AAC74510.1	0
cds-AAC74511.1	5
cds-AAC74512.1	2
cds-AAC74513.1	1
cds-AAC74514.2	7
cds-AAC74515.2	1
cds-AAC74516.1	2
cds-AAC74517.2	7
cds-AAC74518.1	2
cds-AAC74519.2	0
cds-AAC74520.2	0
cds-AAC74521.1	5
cds-AAC74522.1	0
cds-AAC74523.1	0
cds-AAC74524.1	0
cds-AAC74525.1	5
cds-AAC74526.1	1
cds-AAC74527.2	0
cds-AAC74528.1	1
cds-AAC74529.1	0
cds-AAC74530.1	0
cds-AAC74531.4	1
cds-AAC74532.2	2
cds-AAC74533.1	3
cds-AAC74534.1	1
cds-AAC74535.2	20
cds-AAC74536.1	0
cds-AAC74537.1	2
cds-AAC74539.1	0
cds-AAC74542.1	1
cds-AAC74543.1	0
cds-AAC74544.2	0
cds-AAC74545.1	2
cds-AAC74546.1	2
cds-AAC74547.1	1
cds-AAC74548.1	0
cds-AAC74549.1	1
cds-AAC74550.1	0
cds-AAC74551.2	3
cds-AAC74552.2	25
cds-AAC74553.1	7
cds-AAC74554.2	0
cds-AAC74555.1	1
cds-AAC74556.1	2
cds-AAC74557.1	0
cds-AAC74558.1	3
cds-AAC74559.1	2
cds-AAC74560.1	0
cds-AAC74561.1	1
cds-AAC74562.2	2
cds-AAC74563.3	1
cds-AAC74564.1	1
cds-AAC74565.1	0
cds-AAC74566.1	0
cds-AAC74567.1	1
cds-AAC74568.1	2
cds-AAC74569.1	1
cds-AAC74570.2	0
cds-AAC74571.2	0
cds-AAC74572.1	0
cds-AAC74573.1	0
cds-AAC74574.1	1
cds-AAC74575.1	0
cds-AAC74576.1	0
cds-AAC74577.1	0
cds-AAC74580.1	2
cds-AAC74581.1	1
cds-AAC74584.1	1
cds-AAC74585.1	0
cds-AAC74586.1	0
cds-AAD13433.1	1
cds-AAD13437.3	2
cds-AAD13438.1	12
cds-AAD13439.1	2
cds-AAD13440.1	26
cds-AAD13441.2	4
cds-AAT48122.1	0
cds-AAT48123.1	4
cds-AAT48124.1	1
cds-AAT48125.1	0
cds-AAT48126.1	8
cds-AAT48127.1	3
cds-AAT48128.1	1
cds-AAT48129.1	9
cds-AAT48130.1	0
cds-ABD18634.1	0
cds-ABD18636.1	0
cds-ABD18639.1	0
cds-ABD18640.1	0
cds-ABD18641.1	0
cds-ABD18642.1	1
cds-ABD18643.1	0
cds-ABD18645.1	0
cds-ABD18646.1	0
cds-ABD18647.1	2
cds-ABD18651.1	0
cds-ABD18655.1	0
cds-ABD18656.2	0
cds-ABD18659.1	0
cds-ABD18660.1	0
cds-ABD18661.1	1
cds-ABP93434.1	0
cds-ABP93435.1	0
cds-ABP93436.1	5
cds-ABP93437.1	0
cds-ABP93439.1	1
cds-ABP93440.1	0
cds-ABP93441.1	0
cds-ABP93442.1	4
cds-ABP93443.1	3
cds-ABP93444.1	3
cds-ABV59574.1	0
cds-ACO59989.1	4
cds-ACO59990.1	3
cds-ACO59991.1	0
cds-ACO59992.1	0
cds-AGG19173.1	11
cds-b0218	0
cds-b0229	2
cds-b0230	0
cds-b0235	0
cds-b0236	0
cds-b0258	3
cds-b0263	0
cds-b0266	2
cds-b0276	4
cds-b0297	1
cds-b0300	0
cds-b0392	0
cds-b0499	5
cds-b0501	1
cds-b0502	0
cds-b0539	0
cds-b0542	0
cds-b0553	9
cds-b0561	0
cds-b0562	0
cds-b0563	0
cds-b0691	0
cds-b0703	0
cds-b0705	0
cds-b1028	0
cds-b1151	0
cds-b1152	0
cds-b1157	0
cds-b1361	0
cds-b1362	0
cds-b1366	1
cds-b1368	0
cds-b1370	5
cds-b1456	4
cds-b1459	0
cds-b1471	0
cds-b1472	0
cds-b1505	1
cds-b1506	0
cds-b4490	4
cds-b4491	2
cds-b4492	8
cds-b4493	31
cds-b4503	0
cds-b4505	0
cds-b4508	1
cds-b4514	0
cds-b4519	1
cds-b4521	0
cds-b4524	0
cds-b4525	0
cds-b4570	0
cds-b4572	2
cds-b4573	6
cds-b4578	1
cds-b4579	0
cds-b4580	4
cds-b4581	4
cds-b4587	3
cds-b4626	2
cds-b4627	0
cds-b4628	0
cds-b4630	0
cds-b4631	0
cds-b4632	0
cds-b4633	0
cds-b4634	0
cds-b4636	0
cds-b4638	0
cds-b4659	5
cds-b4673	0
cds-b4688	2
cds-b4692	0
cds-b4693	0
cds-b4694	0
cds-b4695	0
cds-b4696	5
cds-b4708	0
__no_feature	447687
__ambiguous	4034
__too_low_aQual	0
__not_aligned	0
__alignment_not_unique	0
